Link Name,Center of Mass X,Center of Mass Y,Center of Mass Z,Center of Mass Roll,Center of Mass Pitch,Center of Mass Yaw,Mass,Moment Ixx,Moment Ixy,Moment Ixz,Moment Iyy,Moment Iyz,Moment Izz,Visual X,Visual Y,Visual Z,Visual Roll,Visual Pitch,Visual Yaw,Mesh Filename,Color Red,Color Green,Color Blue,Color Alpha,Collision X,Collision Y,Collision Z,Collision Roll,Collision Pitch,Collision Yaw,Collision Mesh Filename,Material Name,SW Components,Coordinate System,Axis Name,Joint Name,Joint Type,Joint Origin X,Joint Origin Y,Joint Origin Z,Joint Origin Roll,Joint Origin Pitch,Joint Origin Yaw,Parent,Joint Axis X,Joint Axis Y,Joint Axis Z,Limit Effort,Limit Velocity,Limit Lower,Limit Upper,Calibration rising,Calibration falling,Dynamics Damping,Dynamics Friction,Safety Soft Upper,Safety Soft Lower,Safety K Position,Safety K Velocity
base_link,0.473639700587231,0.397476333645686,1.26458028542163,0,0,0,86.6808960041726,2.67583600672287,1.50972502397836E-05,2.78418630517407E-06,1.18500984520368,0.000347236755515199,3.19773833781896,0,0,0,0,0,0,package://dual_arm/meshes/base_link.STL,0.792156862745098,0.819607843137255,0.933333333333333,1,0,0,0,0,0,0,package://dual_arm/meshes/base_link.STL,,body-3,Origin_global,,,,0,0,0,0,0,0,,0,0,0,,,,,,,,,,,,
pinion,0.0200000000002041,-2.00848877902615E-05,-2.09149558783039E-10,0,0,0,0.365883328771665,0.000595664172915917,2.53164029756878E-12,-2.6047974978879E-12,0.000346653639764482,-2.39513308665042E-19,0.000346579420823879,0,0,0,0,0,0,package://dual_arm/meshes/pinion.STL,1,0.949019607843137,0.909803921568627,1,0,0,0,0,0,0,package://dual_arm/meshes/pinion.STL,,spur gear_iso-3,Origin_pinion_joint,Axis_pinion_joint,pinion_joint,fixed,0.415954526450101,-1.28459874039883,0.763294581934258,-0.792054492842415,0,1.5707963270975,base_link,0,0,0,,,,,,,,,,,,
rack,-0.34822673656725,0.0201228480459993,0.0194191104798078,0,0,0,1.30035662806491,0.000934370250237096,0.000311534586056156,9.57189902336692E-17,0.0901106786181563,-5.48242486114933E-19,0.0898501876823494,0,0,0,0,0,0,package://dual_arm/meshes/rack.STL,0.792156862745098,0.819607843137255,0.933333333333333,1,0,0,0,0,0,0,package://dual_arm/meshes/rack.STL,,Rack-3,Origin_rack_joint,Axis_rack_joint,rack_joint,fixed,0.0394191045660677,0.335448298688506,-0.239379387912574,-1.57079631210326,0.778741833952482,1.57079634728087,pinion,0,0,0,,,,,,,,,,,,
robot_base,0.053787247891486,-6.57709575691001E-09,0.243591748669843,0,0,0,180.682434357241,3.41461647052963,-8.4567521463734E-06,-0.860898186770134,3.69209625035624,-2.20264770039672E-05,1.86392067216936,0,0,0,0,0,0,package://dual_arm/meshes/robot_base.STL,0.650980392156863,0.619607843137255,0.588235294117647,1,0,0,0,0,0,0,package://dual_arm/meshes/robot_base.STL,,SBASE_AXIS.stp-1,Origin_robot_base_joint,Axis_robot_base_joint,robot_base_joint,continuous,-0.596607717773463,0.0221739313807672,0.019419110479808,1.5707963267949,0.0154911352058023,-1.5707963267949,rack,0,0,1,,,,,,,,,,,,
shoulder_1,-0.000142226489326436,-0.185886918800612,-0.0124226867365391,0,0,0,54.1808016622956,0.576809755027629,0.00131869218758581,-3.08158778427355E-05,0.202212250967377,-0.0487031469307568,0.565980560422355,0,0,0,0,0,0,package://dual_arm/meshes/shoulder_1.STL,0.650980392156863,0.619607843137255,0.588235294117647,1,0,0,0,0,0,0,package://dual_arm/meshes/shoulder_1.STL,,S2_AXIS.stp-1,Origin_shoulder1_joint,Axis_shoulder1_joint,shoulder1_joint,continuous,0.0999999999999996,-0.0241857900765396,0.338100000000002,0,0.0827379105878175,0,robot_base,0,1,0,,,,,,,,,,,,
shoulder_2,2.64351001977303E-06,-0.0799489782234601,0.0555528824877178,0,0,0,23.2361467060609,0.176824362636223,6.55069390376739E-05,2.86313251110495E-05,0.0744457432963146,-0.0482767275666148,0.17354519619659,0,0,0,0,0,0,package://dual_arm/meshes/shoulder_2.STL,0.650980392156863,0.619607843137255,0.588235294117647,1,0,0,0,0,0,0,package://dual_arm/meshes/shoulder_2.STL,,L2_AXIS.stp-1,Origin_shoulder2_joint,Axis_shoulder2_joint,shoulder2_joint,continuous,0,-0.271414209923459,0,0,0,-0.229167627412321,shoulder_1,0,0,1,,,,,,,,,,,,
shoulder_3,2.0269373258941E-05,-0.101461663751637,0.0187236433244005,0,0,0,21.6812614384587,0.140775833622034,7.26061056237591E-05,-1.52885045812978E-05,0.0446692655518368,0.0130018012369732,0.137498092397813,0,0,0,0,0,0,package://dual_arm/meshes/shoulder_3.STL,0.650980392156863,0.619607843137255,0.588235294117647,1,0,0,0,0,0,0,package://dual_arm/meshes/shoulder_3.STL,,E2_AXIS.stp-1,Origin_shoulder3_joint,Axis_shoulder3_joint,shoulder3_joint,continuous,0,-0.220721389220933,0.0199999999999971,3.14159265358963,-0.0643419874002776,3.14159265358972,shoulder_2,0,1,0,,,,,,,,,,,,
shoulder_4,7.42665079871418E-05,-0.0929979661811192,-0.0389398298327268,0,0,0,16.8667613637337,0.121982720217045,1.46315275211121E-05,-1.8236608600183E-05,0.0293651648264199,0.0229698765862465,0.119712728498064,0,0,0,0,0,0,package://dual_arm/meshes/shoulder_4.STL,0.650980392156863,0.619607843137255,0.588235294117647,1,0,0,0,0,0,0,package://dual_arm/meshes/shoulder_4.STL,,U2_AXIS.stp-1,Origin_shoulder4_joint,Axis_shoulder4_joint,shoulder4_joint,continuous,0,-0.167278610779079,0,0,0,0.0300433613331277,shoulder_3,0,0,1,,,,,,,,,,,,
shoulder_5,-0.000103397632852609,-0.116404283317781,-0.0133404266945079,0,0,0,16.012114875255,0.102103892774043,0.000286041475820842,3.61007756931637E-05,0.0234039542549092,-0.01087484045121,0.0990371461738303,0,0,0,0,0,0,package://dual_arm/meshes/shoulder_5.STL,0.650980392156863,0.619607843137255,0.588235294117647,1,0,0,0,0,0,0,package://dual_arm/meshes/shoulder_5.STL,,R2_AXIS.stp-1,Origin_shoulder5_joint,Axis_shoulder5_joint,shoulder5_joint,continuous,0,-0.238900817066648,-0.0169999999999841,3.14159265358962,0.0862577451660763,3.14159265358971,shoulder_4,0,1,0,,,,,,,,,,,,
shoulder_6,9.16382560712803E-05,-0.0591980762765189,0.0354989501530101,0,0,0,9.99233348401322,0.0351346510437689,1.07900051465205E-05,1.2531573395934E-05,0.0157750421312757,-0.00842650881741281,0.0340663498002221,0,0,0,0,0,0,package://dual_arm/meshes/shoulder_6.STL,0.650980392156863,0.619607843137255,0.588235294117647,1,0,0,0,0,0,0,package://dual_arm/meshes/shoulder_6.STL,,B2_AXIS.stp-1,Origin_shoulder6_joint,Axis_shoulder6_joint,shoulder6_joint,continuous,0,-0.193899182933342,0,0,0,0.00181201799453098,shoulder_5,0,0,1,,,,,,,,,,,,
wrist,3.53815088338649E-09,-0.019719016020024,6.00787220299548E-05,0,0,0,3.85935965339355,0.00370027406173077,5.17686956724803E-10,1.82731544199938E-09,0.00562477151034509,-2.90907545652183E-06,0.00375188105106895,0,0,0,0,0,0,package://dual_arm/meshes/wrist.STL,0.650980392156863,0.619607843137255,0.588235294117647,1,0,0,0,0,0,0,package://dual_arm/meshes/wrist.STL,,T2_AXIS.stp-1,Origin_wrist_joint,Axis_wrist_joint,wrist_joint,continuous,0,-0.147100494969631,0.0190000000000441,0,1.13973776372924,0,shoulder_6,0,1,0,,,,,,,,,,,,
shoulderR_1,0.000142297506679379,0.185889948145944,-0.012423095554754,0,0,0,54.1790150011592,0.576789696126197,0.0013187668271921,3.07403893550773E-05,0.202201508607996,0.0487011992427635,0.565961146324156,0,0,0,0,0,0,package://dual_arm/meshes/shoulderR_1.STL,0.650980392156863,0.619607843137255,0.588235294117647,1,0,0,0,0,0,0,package://dual_arm/meshes/shoulderR_1.STL,,S1_AXIS.stp-1,Origin_shoulderR_joint,Axis_shoulderR_joint,shoulderR_joint,continuous,0.0999999999999994,0.0935857900765416,0.338100000000001,0,0,0,robot_base,0,1,0,,,,,,,,,,,,
shoulderR_2,-2.66637225287969E-06,0.0799489610988506,0.0415528698401191,0,0,0,23.2361438896345,0.176824516341927,6.55742892849637E-05,-2.86392358458465E-05,0.0744456947707316,0.0482767230395164,0.173545357733114,0,0,0,0,0,0,package://dual_arm/meshes/shoulderR_2.STL,0.650980392156863,0.619607843137255,0.588235294117647,1,0,0,0,0,0,0,package://dual_arm/meshes/shoulderR_2.STL,,L1_AXIS.stp-1,Origin_shoulderR_2_joint,Axis_shoulderR_2_joint,shoulderR_2_joint,continuous,0,0.271414209923451,0,0,0,-0.183447255760934,shoulderR_1,0,0,1,,,,,,,,,,,,
shoulderR_3,-2.02678062041217E-05,0.109344295023787,0.0187236337544201,0,0,0,21.6812478214233,0.140775854673862,7.26281316312727E-05,1.53135010343263E-05,0.0446692640913248,-0.0130018068200745,0.137498102944109,0,0,0,0,0,0,package://dual_arm/meshes/shoulderR_3.STL,0.650980392156863,0.619607843137255,0.588235294117647,1,0,0,0,0,0,0,package://dual_arm/meshes/shoulderR_3.STL,,E1_AXIS.stp-1,Origin_shoulderR_3joint,Axis_shoulderR_3joint,shoulderR_3joint,continuous,0,0.212838780048656,0.00600000000006817,0,0,0,shoulderR_2,0,1,0,,,,,,,,,,,,
shoulderR_4,-7.42143653571503E-05,0.0929979880480762,-0.0389397838966739,0,0,0,16.8667424818804,0.121982652825123,1.46382284423744E-05,1.8411927645162E-05,0.0293651375392702,-0.0229698735865515,0.119712779777835,0,0,0,0,0,0,package://dual_arm/meshes/shoulderR_4.STL,0.650980392156863,0.619607843137255,0.588235294117647,1,0,0,0,0,0,0,package://dual_arm/meshes/shoulderR_4.STL,,U1_AXIS.stp-1,Origin_shoulderR_4joint,Axis_shoulderR_4joint,shoulderR_4joint,continuous,0,0.175161219951376,0,0,0,0.0153530989990302,shoulderR_3,0,0,1,,,,,,,,,,,,
shoulderR_5,0.000103411362486816,0.129623803069163,-0.0133442422859611,0,0,0,16.010677153563,0.102092320258326,0.000286033841110442,-3.61081566303249E-05,0.023401039653232,0.0108795771111136,0.0990278631984347,0,0,0,0,0,0,package://dual_arm/meshes/shoulderR_5.STL,0.650980392156863,0.619607843137255,0.588235294117647,1,0,0,0,0,0,0,package://dual_arm/meshes/shoulderR_5.STL,,R1_AXIS.stp-1,Origin_shoulderR_5joint,Axis_shoulderR_5joint,shoulderR_5joint,continuous,0,0.225674348890692,-0.0170000000000154,0,0,0,shoulderR_4,0,1,0,,,,,,,,,,,,
shoulderR_6,-9.16433257388549E-05,0.0591861359720021,0.0305013269743561,0,0,0,9.99089586049998,0.0351240230063353,1.08024931554924E-05,-1.2537082435984E-05,0.0157740291438655,0.00842453742520755,0.0340561103922042,0,0,0,0,0,0,package://dual_arm/meshes/shoulderR_6.STL,0.650980392156863,0.619607843137255,0.588235294117647,1,0,0,0,0,0,0,package://dual_arm/meshes/shoulderR_6.STL,,B1_AXIS.stp-1,Origin_shoulderR_6joint,Axis_shoulderR_6joint,shoulderR_6joint,continuous,0,0.207125651109296,0,0,0,-0.0600232444858702,shoulderR_5,0,0,1,,,,,,,,,,,,
wristR,4.21099710656847E-10,0.021503235823682,6.00787650204548E-05,0,0,0,3.8593596704264,0.00370027353924814,4.45094899522228E-12,-2.35948445408567E-09,0.00562477164665233,2.90754850341696E-06,0.00375188063912726,0,0,0,0,0,0,package://dual_arm/meshes/wristR.STL,0.650980392156863,0.619607843137255,0.588235294117647,1,0,0,0,0,0,0,package://dual_arm/meshes/wristR.STL,,T1_AXIS.stp-1,Origin_wristR_joint,Axis_wristR_joint,wristR_joint,continuous,0,0.150316284003781,0.0140000000000291,0,0,0,shoulderR_6,0,1,0,,,,,,,,,,,,
